# LCD (GSE95640) -> L1000CDS2 top-50 mimic signatures, as reported in
# Supplementary Table S5 of J Transl Med 2025, doi:10.1186/s12967-025-07424-z (PMC12729409).
# Retrieved from Europe PMC supplementary files; columns reduced to identifiers.
# The paper's T542500 is PubChem CID 5515 (topotecan). CPC*/LJP* sig_ids are LINCS Phase I (GSE92742).
rank	score	perturbation	pert_id	pubchem_cid	cell_id	dose	time	sig_id
1	0.0803	trichostatin A	BRD-A19037878	6376322	NPC	10.0um	24.0h	CPC014_NPC_24H:BRD-A19037878:10.0
2	0.073	T542500	BRD-A59985574	5515	ASC	10.0um	24.0h	CPC012_ASC_24H:BRD-A59985574:10.0
3	0.073	S1030	BRD-K02130563	6918837	ASC	10.0um	24.0h	CPC012_ASC_24H:BRD-K02130563:10.0
4	0.073	trichostatin A	BRD-K68202742	444732	ASC	10.0um	24.0h	CPC013_ASC_24H:BRD-K68202742:10.0
5	0.073	trichostatin A	BRD-A19037878	6376322	NPC	10.0um	24.0h	CPC013_NPC_24H:BRD-A19037878:10.0
6	0.073	HY-11001	BRD-K64800655	46191454	ASC	10.0um	24.0h	CPC014_ASC_24H:BRD-K64800655:10.0
7	0.073	trichostatin A	BRD-A19037878	6376322	ASC	10.0um	24.0h	CPC015_ASC_24H:BRD-A19037878:10.0
8	0.0657	PP-110	BRD-K03618428	24905203	HA1E	22.2um	24.0h	CPC006_HA1E_24H:BRD-K03618428:22.2
9	0.0657	KU-0063794	BRD-K67566344	16736978	HA1E	10.0um	24.0h	CPC006_HA1E_24H:BRD-K67566344:10.0
10	0.0657	PNU 74654	BRD-K30707190	9836739	PL21	80.0um	6.0h	CPC006_PL21_6H:BRD-K30707190:80.0
11	0.0657	MENADIONE	BRD-K78126613	4055	RKO	10.0um	6.0h	CPC006_RKO_6H:BRD-K78126613:10.0
12	0.0657	BRD-K56653679	BRD-K56653679		ASC	10.0um	24.0h	CPC012_ASC_24H:BRD-K56653679:10.0
13	0.0657	BRD-K83336168	BRD-K83336168	73707398	ASC	10.0um	24.0h	CPC013_ASC_24H:BRD-K83336168:10.0
14	0.0657	598226	BRD-A20697603	16129995	ASC	10.0um	24.0h	CPC014_ASC_24H:BRD-A20697603:10.0
15	0.0657	BRD-A48237631	BRD-A48237631	5702003	NPC	10.0um	24.0h	CPC015_NPC_24H:BRD-A48237631:10.0
16	0.0657	vorinostat	BRD-K81418486	5311	NPC	10.0um	24.0h	CPC016_NPC_24H:BRD-K81418486:10.0
17	0.0657	BRD-K84595254	BRD-K84595254	6185	ASC	10.0um	24.0h	CPC018_ASC_24H:BRD-K84595254:10.0
18	0.0657	GSK-2126458	BRD-K42918627	52914946	HA1E	1.11um	24h	LJP006_HA1E_24H:BRD-K42918627:1.11
19	0.0657	geldanamycin	BRD-A19500257	13017911	HME1	0.12um	24h	LJP006_HME1_24H:BRD-A19500257:0.12
20	0.0657	WYE-125132	BRD-A45498368	25260757	PC3	0.12um	24h	LJP006_PC3_24H:BRD-A45498368:0.12
21	0.0584	NSC 95397	BRD-K68143200	262093	HA1E	10.0um	24.0h	CPC003_HA1E_24H:BRD-K68143200:10.0
22	0.0584	UK 356618	BRD-K57011718	10370504	MDST8	10.0um	6.0h	CPC006_MDST8_6H:BRD-K57011718:10.0
23	0.0584	(E)-capsaicin	BRD-K50590187	1548943	OV7	160.0um	6.0h	CPC006_OV7_6H:BRD-K50590187:160.0
24	0.0584	656402-250MG	BRD-K72238567	8975	ASC	10.0um	24.0h	CPC012_ASC_24H:BRD-K72238567:10.0
25	0.0584	trichostatin A	BRD-K68202742	444732	NPC	10.0um	24.0h	CPC012_NPC_24H:BRD-K68202742:10.0
26	0.0584	vorinostat	BRD-K81418486	5311	NPC	10.0um	24.0h	CPC012_NPC_24H:BRD-K81418486:10.0
27	0.0584	S1085	BRD-K17743125	6918638	NPC	10.0um	24.0h	CPC013_NPC_24H:BRD-K17743125:10.0
28	0.0584	BRD-K64606589	BRD-K64606589		NPC	10.0um	24.0h	CPC013_NPC_24H:BRD-K64606589:10.0
29	0.0584	32937	BRD-K39944607	442530	ASC	10.0um	24.0h	CPC014_ASC_24H:BRD-K39944607:10.0
30	0.0584	GR-103	BRD-K89085489	5288209	NPC	10.0um	24.0h	CPC014_NPC_24H:BRD-K89085489:10.0
31	0.0584	trichostatin A	BRD-A19037878	6376322	NPC	10.0um	24.0h	CPC016_NPC_24H:BRD-A19037878:10.0
32	0.0584	BRD-K60230970	BRD-K60230970	462382	ASC	10.0um	24.0h	CPC017_ASC_24H:BRD-K60230970:10.0
33	0.0584	BRD-K76674262	BRD-K76674262	285033	ASC	10.0um	24.0h	CPC017_ASC_24H:BRD-K76674262:10.0
34	0.0584	BRD-K12867552	BRD-K12867552	11749858	NPC	10.0um	24.0h	CPC017_NPC_24H:BRD-K12867552:10.0
35	0.0584	BRD-K86958018	BRD-K86958018	5808649	NPC	10.0um	24.0h	CPC017_NPC_24H:BRD-K86958018:10.0
36	0.0584	BRD-K31843556	BRD-K31843556	2777391	ASC	10.0um	24.0h	CPC018_ASC_24H:BRD-K31843556:10.0
37	0.0584	BRD-K63606607	BRD-K63606607	9547215	ASC	10.0um	24.0h	CPC018_ASC_24H:BRD-K63606607:10.0
38	0.0584	geldanamycin	BRD-A19500257	13017911	HA1E	10um	24h	LJP006_HA1E_24H:BRD-A19500257:10
39	0.0584	tanespimycin	BRD-A61304759	73707384	HA1E	10um	24h	LJP007_HA1E_24H:BRD-A61304759:10
40	0.0584	PD-0325901	BRD-K49865102	9826528	HT29	10um	24h	LJP007_HT29_24H:BRD-K49865102:10
41	0.0584	GSK-1059615	BRD-K02708799	23658330	HA1E	1.11um	24h	LJP008_HA1E_24H:BRD-K02708799:1.11
42	0.0511	PI 828	BRD-K97365803	25181195	HA1E	10.0um	24.0h	CPC001_HA1E_24H:BRD-K97365803:10.0
43	0.0511	PP 1	BRD-K47598052	1400	HA1E	10.0um	24.0h	CPC002_HA1E_24H:BRD-K47598052:10.0
44	0.0511	SSR 69071	BRD-K72895815	9872438	HA1E	10.0um	24.0h	CPC003_HA1E_24H:BRD-K72895815:10.0
45	0.0511	CYCLOHEXIMIDE	BRD-K36055864	6197	HA1E	10.0um	24.0h	CPC004_HA1E_24H:BRD-K36055864:10.0
46	0.0511	BRD-K57080016	BRD-K57080016	10127622	A549	80.0um	6.0h	CPC006_A549_6H:BRD-K57080016:80.0
47	0.0511	geldanamycin	BRD-A19500257	13017911	HA1E	10.0um	24.0h	CPC006_HA1E_24H:BRD-A19500257:10.0
48	0.0511	Emetine Dihydrochloride Hydrate (74)	BRD-K01976263	11957493	HA1E	0.63um	24.0h	CPC006_HA1E_24H:BRD-K01976263:0.63
49	0.0511	BRD-K12184916	BRD-K12184916	11977753	HA1E	0.63um	24.0h	CPC006_HA1E_24H:BRD-K12184916:0.63
50	0.0511	BRD-K41859756	BRD-K41859756	10096043	HA1E	10.0um	24.0h	CPC006_HA1E_24H:BRD-K41859756:10.0
